address,allocation_points
0x001a530a6c6324aaf811446015cf5beb1dc44642,0.081809432146294500000000000000
0x002546438e18509065a981da6ca7c29e772ea091,0.081809432146294500000000000000
0x0033ef4c1781169fd7fee13332887142ee6043c6,0.081809432146294500000000000000
0x00ce049d0624a087473a4bd5078ac90ad25175e8,0.081809432146294500000000000000
0x02d10f41f3a88614c63f718272c60da7bf37a53e,0.081809432146294500000000000000
0x0403bbf1e922e995cb6820b4994465d00c296938,0.081809432146294500000000000000
0x0429c3bde14d211dc80cd0aff4636ba04632a244,0.081809432146294500000000000000
0x045aa32568a4b86bdcc0752227acd383a43422ce,0.409047160731473000000000000000
0x04b479655bec5f1788de9360fefefadbaf1d64c6,0.081809432146294500000000000000
0x04cd441acb9f40ac2de0f5150f29847aa6b824a1,0.081809432146294500000000000000
0x05525cde529c5212f1eab7f033146c8cc103cd5d,0.081809432146294500000000000000
0x05c2974d048d90ec5bfa124b6369396727b900fd,0.081809432146294500000000000000
0x05c7b084a1e9490033fa29c16b0d6222e690c30f,0.081809432146294500000000000000
0x05de7185d0a89c40ef6a4b684296debfd2e7bd0d,0.081809432146294500000000000000
0x061e959e956fee494f5b3362cc75de47af6ccc64,0.081809432146294500000000000000
0x065c2a6ab09ddb23079eef3a880658ec2e002dae,0.081809432146294500000000000000
0x0690adc3dea3dd819064c60f9eecc22e60991f2c,0.081809432146294500000000000000
0x0693b6ed9206e71fb7efda20a1ac4b2a0cc1dd91,0.081809432146294500000000000000
0x06b4f02100e6757bb3d21291b541bbaa80f6ec90,0.081809432146294500000000000000
0x06f8d9b3a0937fc34e739e06cb67798bcc58ed4c,0.081809432146294500000000000000
0x072fad42060b51c01811094450a8b51037bfe26a,0.081809432146294500000000000000
0x078d241dbe88c96d02e69cee7e13be12b3612205,0.081809432146294500000000000000
0x07c87bc9ccee8810c10abea1f933a41361749dd4,0.081809432146294500000000000000
0x088e936e23961e3b7a364999b61b5e9b7e78e1b2,0.081809432146294500000000000000
0x08c097b162823a57fe8c67bbd694d79b56f35ac5,0.081809432146294500000000000000
0x08fc810c05bbe20b6b087e0df6d5cd4fa2e7ce7f,0.409047160731473000000000000000
0x095bfdbbad0c1de8f7568a78aae982aa895e3c0c,0.081809432146294500000000000000
0x09fa85d29ad0b2bff76dab327d8e52c03a4ea2de,0.081809432146294500000000000000
0x0a08a0785ce71e68faf2e4c5f90bd0e9533680de,0.081809432146294500000000000000
0x0a24b03fa2cb9b51af900c68600b3f70211b3540,0.081809432146294500000000000000
0x0a251df99a88a20a93876205fb7f5faf2e85a481,0.081809432146294500000000000000
0x0ad9fbf7aa4c95133dbef42f4cc347c001a6e678,0.081809432146294500000000000000
0x0b3e3bffed323f7f36417a12ba280d2432c102b7,0.081809432146294500000000000000
0x0b41078fe96ad555b13eed39f30d2c7d264fdaf5,0.081809432146294500000000000000
0x0b6bd7e6222b524c2d3bdd7eccb198ccfbc5880a,0.081809432146294500000000000000
0x0bcad5f4414addf2b030b414d42ed3b9f3ab22a1,0.409047160731473000000000000000
0x0c42a309909a96df86f1939153f22c282b3ae0ed,0.081809432146294500000000000000
0x0ca5b6539f342718e33fe8067e2a7ab5495a09ac,0.081809432146294500000000000000
0x0cb9ada4c88885f613297512f6ed5d1b79acec11,0.081809432146294500000000000000
0x0df079be040ddb3b7335c872a20efed2417fa9bc,0.081809432146294500000000000000
0x0df4e1073f1258604f36eef0dcbff546f1bbac23,0.409047160731473000000000000000
0x0e8867281c42b5c2c21e92a0fb8d26b2617c4a42,0.409047160731473000000000000000
0x0ef3efb99712f161edf6efb926669a83d4217f71,0.081809432146294500000000000000
0x0f493931981ef166bc2faf0de4324f8a26bad0c2,2.726981071543150000000000000000
0x0f495a58fc5d3d5ab4110473f2fdbf5c60e3de3f,0.081809432146294500000000000000
0x0f9d6c0b9c5df15f43c1347a48e6153df4c6a6cb,0.081809432146294500000000000000
0x1089164befa598f9bd8ec2e1f5fcd91b6c263039,0.081809432146294500000000000000
0x1139043e780a331ad6d7f47106e8290b9f8c696e,0.081809432146294500000000000000
0x119ce827e8242fdbbdc4fa49346da57af8700e25,0.081809432146294500000000000000
0x12135a10b522fb2291fb00b7146c6fa8abbaadb4,0.081809432146294500000000000000
0x12372b0ee93cafe88d00ec53da94ca73b5fd767e,0.081809432146294500000000000000
0x129f39637d16e0eb7ece32091a2184c333615e8b,0.081809432146294500000000000000
0x12be926fc6d1fcf3333c8e4fab5efa173b79a93c,0.081809432146294500000000000000
0x12d49325adf4f9068886abe72ca8ebdb0c798a36,0.081809432146294500000000000000
0x12eaf810a40d995f8b1d6b1f1a9e446b3e8c965f,1.363490535771580000000000000000
0x1341df844780b66af4ccc98ae0f34be87eabe1d5,0.081809432146294500000000000000
0x13ae56e4353b0103cf90b0925b0fc88014c13380,0.081809432146294500000000000000
0x13c10ecb747f71b8aa01304b1fa08383a9163811,0.081809432146294500000000000000
0x1444d0116858c9a2c680988a7dcdf4bae543d3f3,0.081809432146294500000000000000
0x144fa22cb42348fa8377f040e427bb11e7c33e9e,0.409047160731473000000000000000
0x146f201b2b1a4f718ac443007fb1f8e8708e1820,0.081809432146294500000000000000
0x15c4b3929326dbb2787ebd0f5338e549ed79e708,0.081809432146294500000000000000
0x15ca41d59cc542b15881aa6d95f486a804995425,0.081809432146294500000000000000
0x166143ca1bc139924f7aed5423ceabf0212ac787,0.081809432146294500000000000000
0x166f2e250ac6c8ef7aaaadf9853720376a6c4b86,0.081809432146294500000000000000
0x1691565c9e5846b348bf21707521e492614df376,0.081809432146294500000000000000
0x16ad81285cc81f046005891f250fc39580397946,0.081809432146294500000000000000
0x16c1fdbf064633aee44add10e3bf34cefebbf9f5,0.081809432146294500000000000000
0x171e659aba00c78e0e08c2c5e9c6b58c81199f16,0.081809432146294500000000000000
0x1766ffb3711a6e816ecddbd7ae36f4041becda7c,0.081809432146294500000000000000
0x1860555c32a804343be11fa272bb1de024541d0f,0.081809432146294500000000000000
0x193844cc2191742493d03d7a727f8552ca06fdec,0.081809432146294500000000000000
0x195b8bf31d6bd1308cc555f41f7d00e1f041d05c,0.081809432146294500000000000000
0x1a54f7998ed4f1bd84bf98ea34353352acd070b0,0.081809432146294500000000000000
0x1a903fe2f732f96baa7292a05f4121766dd7e07a,0.081809432146294500000000000000
0x1aecfa80d1057d09f78d0d5d9c77e10183719ccd,0.409047160731473000000000000000
0x1b006d376a7ba93fd9e7678457a39aa3b9a919c1,0.081809432146294500000000000000
0x1c17d5fef0e5a4e79c63163c43d3f07d7a156742,0.081809432146294500000000000000
0x1c51647584207d82dbd59b8a62e93b9a43853543,0.081809432146294500000000000000
0x1c7411ce07ee24cca0fab2401d66ef72b81f83d0,0.081809432146294500000000000000
0x1c7a5ff31fa358975662450d977d3a61d1ca6f78,0.081809432146294500000000000000
0x1c8b49dcacc44e31031c6665c8baad080aecac63,0.081809432146294500000000000000
0x1cb271b834e97329d8cb9fab36194155667a9249,0.081809432146294500000000000000
0x1ccfc6c1c52758e0c02b5047cf90b298e3c8d5dd,0.409047160731473000000000000000
0x1d6b7368d0afe7f12a8804c6a5bb1d2db811f470,0.081809432146294500000000000000
0x1df5b9a359ee2809e453d0501aabe39c478a13c9,0.081809432146294500000000000000
0x1df737685cc6be920a39f1996d0a1a22a610eb7d,0.081809432146294500000000000000
0x1e868e0f5948fc94ed99dde0d0aba939e7677b47,1.363490535771580000000000000000
0x1e8a4ec0a8546c532a929c7d53fc3e8853b963f1,0.081809432146294500000000000000
0x1ece9d9db9d24ccd171dd25af51b3c51755979af,0.081809432146294500000000000000
0x1eda9140db22ad385f6bd59cb298bf83b0a004a4,0.409047160731473000000000000000
0x1f1f276afb05d45f1970d78058cf796f8edd4b6e,0.409047160731473000000000000000
0x1f7da94f8ffb08ef04809e588a060224c4137877,0.081809432146294500000000000000
0x1f812bacf87df81509d12fa4274f8f5bd5f96450,0.081809432146294500000000000000
0x1f86ff2792a7fd9f7a0d80a11f500655fc769403,0.081809432146294500000000000000
0x20a7549c9f0249486ff762aac2ed7c2485d7c744,0.081809432146294500000000000000
0x2138da688c9de36875d57083be16066784ef3e1b,0.081809432146294500000000000000
0x21c442f930ca3b4bcde5e304ca21d5a4f8c4f790,0.081809432146294500000000000000
0x2218fc2411dc8a588724c89b1f413750bbbf08aa,0.081809432146294500000000000000
0x226475888418bdd5b29c2c70bbd133869df39d08,0.081809432146294500000000000000
0x22952aa74005981e8211530f575aca58e4597fb9,0.081809432146294500000000000000
0x22b2eeb5a1706301ebe2b10e38c2afa2154099a7,0.081809432146294500000000000000
0x22da0df1f73132bd84e1f5705bf542b796d696a3,0.081809432146294500000000000000
0x22df8f85ad9850151582f89e37237bf0517f87dd,0.409047160731473000000000000000
0x230646c51bc2eb0c97e64437df04fed2eb47338d,0.081809432146294500000000000000
0x2375ac2e31bee26670719956c624851972164175,0.081809432146294500000000000000
0x23e999cd09a561abe7856c01941990b68762e106,0.409047160731473000000000000000
0x2411cf1a310a35ee5d24988cc1b82993d07478ef,0.081809432146294500000000000000
0x24a30823bd87e785b0c4b3803a2bffd91eb6876f,0.081809432146294500000000000000
0x2569a1ae43285804944010c805b9b70023b2a19f,0.081809432146294500000000000000
0x25acf1a4207a5efcc3b3c6c46e3a14499fc6ae4a,0.081809432146294500000000000000
0x25e15106ce9de886fc75ee872c2a1c874e99740f,0.081809432146294500000000000000
0x26349cc1373c1e8a834815e930ad05632c375b27,0.081809432146294500000000000000
0x268066e83bf5b54c83ec413cb149a26fb95cde18,0.081809432146294500000000000000
0x2713cc0ae67ae09f29563881ab4fd5eb74f272a0,0.081809432146294500000000000000
0x27191959700ca8c1a9bd0cf256d193f78845e789,0.409047160731473000000000000000
0x277f7fb81c5da3715738d82baa314d282517aa25,0.081809432146294500000000000000
0x28a2f772b396f2d93bbea492322474cd13cc9710,0.081809432146294500000000000000
0x28cdd7827a8fcebe137753b03790633aa39bdd2e,0.081809432146294500000000000000
0x2938865d32f71bf033ade022f86b4b2c346d96dd,0.081809432146294500000000000000
0x29d995cc607eb5d2892923bee73fba39a05743ed,0.081809432146294500000000000000
0x2a5a9da096f9a246fef6f838132460f5ee8cbe6a,0.081809432146294500000000000000
0x2a9b6f644b4632f4055129ae062ac6bf4a739795,0.081809432146294500000000000000
0x2cc8724ad934a7bdb1dd58211e96fff8c9779b6c,0.409047160731473000000000000000
0x2d039f29929f2560e66a4a41656cbde3d877951d,0.409047160731473000000000000000
0x2d1a0f69ea53d61b4f74648ca1db523610784406,0.409047160731473000000000000000
0x2d6f47996491fc55a81edee50596a053924bd378,0.081809432146294500000000000000
0x2dd35e7a6f5fcc28d146c04be641f969f6d1e403,0.081809432146294500000000000000
0x2e19b317352d936105f55638a9eb6c1cb723dde7,0.081809432146294500000000000000
0x2eb7e1a70366713a2b45c7a27fe78734775d78d6,0.081809432146294500000000000000
0x2ee901d6aab21aa32e50ad15779201c2d6637092,0.081809432146294500000000000000
0x2f43eedaee56684b3d5885c98f22aa5abf200e03,0.409047160731473000000000000000
0x2fedf16560f527fec5f1cca6df0a4ec180408ce9,0.081809432146294500000000000000
0x301371f30d45127e08d0bbe83b870d042089d3e8,0.081809432146294500000000000000
0x3039100c33c20a7d47b70ccbbe74a948e9870b15,0.081809432146294500000000000000
0x304e9124e35bf77b08f59d9f5d16caccbe305b08,0.081809432146294500000000000000
0x305af8de540461d3854128297d4b5aca8d0420c9,0.081809432146294500000000000000
0x30b8eab7d560840a78bcb22e58b1a47b82aecf99,0.081809432146294500000000000000
0x317cce0a46e0811a6c4e39f863fa63ded903eac9,0.081809432146294500000000000000
0x31bbb7a56ddc4d89426cc0d2a707a7ccd57b5f5b,0.081809432146294500000000000000
0x32649e956cda9b18acae74193d5839097f6144e5,0.081809432146294500000000000000
0x3293451beea4440d8c3ddcb49eb478a7dc567f65,0.081809432146294500000000000000
0x32babb97811735400dd1e2fab0b7d93b069c3f40,0.409047160731473000000000000000
0x33020b201f7242053e489edcb918099e2786ab6a,0.081809432146294500000000000000
0x330232ec8bae141cba1116bd49e6bc6c191520b5,0.081809432146294500000000000000
0x336e828f4e90d69a0d0eab73d4298497b6ce7e63,1.363490535771580000000000000000
0x34045c937742c8ad6222a10eb21c7cfff8bf870e,0.081809432146294500000000000000
0x34a9a239b902b6aa36c6bd4a99c65d50cf383768,0.081809432146294500000000000000
0x34d7e4ac228935263968cd7473d749eac1524aa2,0.409047160731473000000000000000
0x35bb081c69ccea02bfd15cb0ca82d9b3259babab,0.081809432146294500000000000000
0x35e66f648e34617966296cacd6eb3114b74b8b9e,0.081809432146294500000000000000
0x3679a16c418da3416f0d69c9f2458b2bff795661,0.081809432146294500000000000000
0x36d41d8af87f06bca2e6005fae8eeec91f6f36c3,2.726981071543150000000000000000
0x370c620d51d72f0db761b6fcd0a006fd85784565,0.081809432146294500000000000000
0x374e640d5555919bc414423c2c1fc968d58a643f,0.081809432146294500000000000000
0x37a70f9fc7a809c44f36ec6c38f8af7754fb602d,0.081809432146294500000000000000
0x37b982e5b802d77a37f6e11b29f0a66cef587f68,0.081809432146294500000000000000
0x3860ecc6c60e2deb620458b3c10d0fbd50e499ee,0.081809432146294500000000000000
0x38a0d16140aa1d7d7a7399506d56ee754170f473,0.081809432146294500000000000000
0x38dbb36943416582e328f8af04f7468af09acf2e,0.081809432146294500000000000000
0x39f5ab30e00ae95c9dc2373443cd911e93e297b3,0.409047160731473000000000000000
0x3a1d223284d953bcd356cd055002ec4d7c445d42,0.081809432146294500000000000000
0x3a88e50ac2f21721a46e9cb6154471c89ad77c46,0.081809432146294500000000000000
0x3b1df7a244fb9564bd27f9115258a8b7417a5455,0.081809432146294500000000000000
0x3b2816cd839c067cbe85d6eafe06e34c6ee5998d,0.081809432146294500000000000000
0x3b30d44df9afffc07a51457e18410c4ca0f90896,0.081809432146294500000000000000
0x3b4b0d8853db68f290757e8d5de2e5c7893ddab0,0.081809432146294500000000000000
0x3b74ba755ad5924a10dc6dc958478bae25516432,0.081809432146294500000000000000
0x3ca0f48b56e822a925d9d0309957560888ed505c,0.081809432146294500000000000000
0x3cb6a5828f0f41895696055a79017df33bd15ec3,0.081809432146294500000000000000
0x3d182f3a9379917f557dc28a4485bd39ab4ef2cd,0.081809432146294500000000000000
0x3d51b84eec25471a281a90fc4c6e33b925964978,0.409047160731473000000000000000
0x3d62a562ef3804efa6fc346c1509d0b98b3b2b06,0.081809432146294500000000000000
0x3d8b673481c8790749d374e6afb694b38fd04de9,0.081809432146294500000000000000
0x3dc9d7e99bfcd2b898fc1d155033bb1cd74cb6ba,0.081809432146294500000000000000
0x3e98895a24c7ed2edbf763b7dbd77c8a0d770945,0.081809432146294500000000000000
0x3eb25a7f5b8b0d1d7c9730cc52a2cbf7412276c7,0.081809432146294500000000000000
0x3f3623c56cc427ea34d37086a14869957a036a17,0.081809432146294500000000000000
0x3f683d814149d9b78703f57b42ad78891e5f1ffb,0.081809432146294500000000000000
0x3f6e473d9457452952026c6a77ea79a469d8bdd3,5.453962143086300000000000000000
0x3f99c674e0d76c77d4a90a520c9055ca81c39d1d,0.409047160731473000000000000000
0x3fa756e0b4afcc0f0bfd755281fedf82d92927bd,0.081809432146294500000000000000
0x4048d58978b21a648b1329aea71301b9e2b3ccc9,1.363490535771580000000000000000
0x404bc8c36188cb2a0e20eb49e4f2c7f12dd15ce1,0.081809432146294500000000000000
0x405f071114396f3dd524204bc84f13324189168a,0.081809432146294500000000000000
0x408b9c0ce712521e1baab9fa0d997f555f692527,0.081809432146294500000000000000
0x4122073467e2ffa208b3484f2c1a6a0d92a07304,0.081809432146294500000000000000
0x41a1e76edac29bfa2039cf1e91f93e2210d369c6,0.081809432146294500000000000000
0x41f46b4b477b1bab3c1b23e350b238768fcca048,0.081809432146294500000000000000
0x434a8637c93868106ee2b633cf524e02bf63a037,0.409047160731473000000000000000
0x43882a4049e26179942006baba5d41af70e05e9c,1.363490535771580000000000000000
0x4398805dbcd8c08e45fa87070bedb69ab238ddd3,0.081809432146294500000000000000
0x4494bdf0eca67940da028224428fa38bd786e2e8,0.081809432146294500000000000000
0x454787b9328592a4a6af592b2fdf2ff90b485b5b,0.081809432146294500000000000000
0x458521f0b571a3d42ac2a46401964856f4a1be88,0.081809432146294500000000000000
0x45d993393f7b3fe781935e1155118c7f830d4415,0.081809432146294500000000000000
0x4630aa58b61098b47b7d83d170631d2037aeb246,0.081809432146294500000000000000
0x463470955c61a54210b5ddcc20847cc325a2ff38,0.081809432146294500000000000000
0x469c4b97601a5d9252b56f0e0765afb0bc941821,0.081809432146294500000000000000
0x46afa56fa8fb8ca6d7e5b4ecd2da36d1805aaa84,0.081809432146294500000000000000
0x46e636989dedbebb8a6581aef999fa3473e1d2d4,0.081809432146294500000000000000
0x476ecf8f79ec6c614b421e095a7117cfe228d73d,0.081809432146294500000000000000
0x47b0c8c154fb9222d22e170a0801b9807dee2576,0.081809432146294500000000000000
0x47b7109c7ddf24c358f3ebb0e6aa05cf0ea0414b,0.081809432146294500000000000000
0x47ff556fd80c69670f0d2edce7bfdecdc1f30690,0.081809432146294500000000000000
0x4802a5efa154763dc5f4fd371dd7350948d1d6be,0.081809432146294500000000000000
0x480d8600b0b2d0e2b772eb68f25d32c7e6d91b7b,0.081809432146294500000000000000
0x484cc23e98eab85d873f8e292412dfe20d20c00b,0.081809432146294500000000000000
0x486d1ec9c9c8c5648d7402f20ab43535f76e4a5c,0.081809432146294500000000000000
0x487b4705d624b1ecbdc490fa0d645b7421e7c8a4,0.081809432146294500000000000000
0x48cd699ac6a20911406250c19ed5d78574dbe04a,0.081809432146294500000000000000
0x49590419ba574a5868513bf12d78fe68463b9e4e,0.081809432146294500000000000000
0x4a0c99d4b943399fad81e01b57e34c77d481a3b1,0.081809432146294500000000000000
0x4a4c0ba1a4cf50d6ca2854b85c688ee0ab034ea1,0.081809432146294500000000000000
0x4a6f70fa40aacb9f0a94c6fe7e32eaf289ddf844,0.081809432146294500000000000000
0x4a98bb7b6872c4872011ae650c491bd0d6201793,0.081809432146294500000000000000
0x4ab9c81bad8379d7a8541c9c13939bebf050fbd2,0.081809432146294500000000000000
0x4ad1e006a9c2d5acf7102a54f5139c6017f72188,0.081809432146294500000000000000
0x4b414b9452afd243345107c972e9532872cf6ed9,0.081809432146294500000000000000
0x4be247d20b3cb51401896159af4e28d40efee444,0.081809432146294500000000000000
0x4c9fd3daa15ed749fa2d6f5e6b93bfc316b56a37,0.081809432146294500000000000000
0x4cb75146e98562c9d79b31649c6c739e4dcb7cd5,1.363490535771580000000000000000
0x4cde10196c770ac25c1c6a50f523a52ea6807c27,1.363490535771580000000000000000
0x4df89d5c65d87f83e4d6f34f69160c01600f26ab,0.409047160731473000000000000000
0x4e48bd7bb7d4a6ea48d900f1ad2527ee38b24949,0.081809432146294500000000000000
0x4eb754314079c19104a1ef3343ebafdb809519d3,0.081809432146294500000000000000
0x505d523898e2635e6df491ae602436a53e8f443f,0.081809432146294500000000000000
0x5063e5351c95802a4d6a5aadc8d17fa4c10a7b86,0.409047160731473000000000000000
0x50b68702548fd2bfde1c4c02129cb2ce7067b2c4,0.081809432146294500000000000000
0x50c43f95ca9f6b363ea92a0af7404e30822a728f,0.081809432146294500000000000000
0x50e5f27328aa34508734ac34c65ff6c1763579b8,0.081809432146294500000000000000
0x50e619cdc6483ac94e674b2633a9cfea28119c4f,0.081809432146294500000000000000
0x51d2c4abdf244bc9eed0f0ca792009c5de636fb9,1.363490535771580000000000000000
0x51fb007343726cc4148a8adc9b755179f41d10ba,0.081809432146294500000000000000
0x52017ac1b425df0187b3fe2bd32e8cb2c4ce4c8f,0.081809432146294500000000000000
0x52d420a172be430f56da2554d1428958a6eed38f,0.081809432146294500000000000000
0x53385e5e3dccbd949fc199ca313bc553defd4813,0.081809432146294500000000000000
0x5367109b8ab57a5b5fc4d3021a769bc2688ce573,2.726981071543150000000000000000
0x539b26e23916f82bdfc539530f4934cde69fd50a,0.081809432146294500000000000000
0x53a2d092ef09bd9bdc6bc958dcc7a8b0a7dc9482,0.081809432146294500000000000000
0x5599e1365b4cf5726ec15266c61a363bee2172a4,0.081809432146294500000000000000
0x562bff166fc684b94e3386cac1368ae8a491ad35,0.081809432146294500000000000000
0x567e93215202e7db5204af7aed157d58bcb652c8,0.081809432146294500000000000000
0x5687728d7757cde8695aa35ddbcee7a51b82a081,0.409047160731473000000000000000
0x594c2fd7f3c233549cd6a5b1298c67ab21ecfaff,0.081809432146294500000000000000
0x5a62f37f0b1ec556224652e5fba904d5ae65163d,0.081809432146294500000000000000
0x5a7f42b88ec6e6ba8a9a11f95d52b67ad5a5995f,0.081809432146294500000000000000
0x5b4780b4fe5423aeedbdce9afa359774e3e44a9b,0.409047160731473000000000000000
0x5b81f894e5b0d3b7361defa454f50736c2add7ef,0.409047160731473000000000000000
0x5b987e7d8dfe6e28744bf5390c80e08925d5cab8,0.081809432146294500000000000000
0x5c249ac4fca1ecde4ec800872e33696218b1a0dd,0.081809432146294500000000000000
0x5ca9568930f61ba40d90f4d1707a93ab78db6325,0.081809432146294500000000000000
0x5cdc463265cd842192ad33dc6a21b1d568c90c8e,0.081809432146294500000000000000
0x5d74539f71170f1086110f8875ecfac9842fc8f8,0.081809432146294500000000000000
0x5eb0bafe7b747e462c4c3af36c4902d7363e870b,0.081809432146294500000000000000
0x5f08ab3f88d240247a569b79dd7a5ea6ccf6c3ad,0.081809432146294500000000000000
0x5fdbb30726b2e9f0883d4abcdaa92b8cfbbc8c66,0.081809432146294500000000000000
0x5fe0a7400ab5b812abd136b31359c364bcc7049e,0.081809432146294500000000000000
0x60b6589322e9faba2fc787d37b149e67fc78ba09,0.409047160731473000000000000000
0x61482a516e05f007f4bbb2a724485f457aadf16b,0.081809432146294500000000000000
0x616ea1bd67c8b7c5755a720b7f9ad44881a6baa2,0.409047160731473000000000000000
0x6173a58881d0eb082ed048aeaefd058127df87b8,0.081809432146294500000000000000
0x61f520f503e9e485724cc0038f175418f632541c,0.409047160731473000000000000000
0x62aff1de51e60876182b772a906cf02582ffbcb2,0.081809432146294500000000000000
0x63435ad7678ef11eb1c9f8d92aeee96c2294817a,1.363490535771580000000000000000
0x63a8a4519fa3d3b1b7092e9739135514ea4b4fe5,0.081809432146294500000000000000
0x63eb09403356e72037074d36882db0f156c8a4b3,0.081809432146294500000000000000
0x6456de7e29cf4740265c65629b573ca1d20dacb4,0.081809432146294500000000000000
0x64655254eab0b57f40fa8042e457a5f15a79a1a8,0.081809432146294500000000000000
0x646b6b8a8f5c55d3509c8b47b334c8728f33468f,0.081809432146294500000000000000
0x65bcaaa391579ca66ef59e35d87c2f58174c3bd2,0.081809432146294500000000000000
0x65f4c36ab8f0bbe2f4e1368b91ddad0bc0eacbad,0.081809432146294500000000000000
0x665a60aed0685f2b9a81b2be8a194f71b49d7965,0.081809432146294500000000000000
0x66e1cbb8943c62927aa627f55a4f76317c94efde,0.409047160731473000000000000000
0x670d2d71b60a3ac4769508bed0466009e3aa4899,0.409047160731473000000000000000
0x67cdefe6fc6fcf50def9eb8c14ab29db751f55f7,0.081809432146294500000000000000
0x67f5e80150c05dd6c19ba2d05346f494f53e12d8,0.081809432146294500000000000000
0x67fdedbadc53665cda2ba43d3cb4b6397d53e32c,0.081809432146294500000000000000
0x684160dc257f3c7371373cf9464560aa7d0ee3f4,0.081809432146294500000000000000
0x68d2b579b842cdb29f25f15591bb0a00f43c4b11,0.081809432146294500000000000000
0x68ddabc3727bc1fe606423bc82a425ba5d21c83d,0.081809432146294500000000000000
0x69abf4ae5dd2daad2d71e4a49b63a46e25ee8cae,0.081809432146294500000000000000
0x69c21d11d9e0f5004411b17eb8f7eeb45038aaf7,0.081809432146294500000000000000
0x69cda8c7395c09404d16336539a56fdf840535c0,0.081809432146294500000000000000
0x69f33e5cc41a24ec335831d52e0bf4446b394ffa,0.409047160731473000000000000000
0x6a5d277b7163db3d300b915b9e8e99d82690a91e,0.409047160731473000000000000000
0x6a778e61edbefcda241ad6370e08997583e7abdb,0.081809432146294500000000000000
0x6ac385f87adb95014ed03fcfdf10ca260081a494,0.081809432146294500000000000000
0x6ae23ea4bb3ec33e00fdcadd109e90a3c8c6ae22,0.081809432146294500000000000000
0x6ae83a677b4b5533117e592bd90751143b489143,0.081809432146294500000000000000
0x6b1cf6d736c107630c40c7ba7bb652821f6dd6bb,1.363490535771580000000000000000
0x6c22d215818995b9dcc5c3f168e657524373181d,0.081809432146294500000000000000
0x6cf683cc6f99dc679639c3a4190d9d689ebc1955,0.081809432146294500000000000000
0x6db792ab83f8245b3719351f30666e5143bfcf3f,0.409047160731473000000000000000
0x6e5250dc1285b64a4575dfaaacc9d1d7f32d5edd,0.409047160731473000000000000000
0x6e5f7bd9b940287f6c9ae8a2ecfb93224a09cba5,0.081809432146294500000000000000
0x6ed655ed54910c1f85391f8e755f92927a381439,0.409047160731473000000000000000
0x6efa8d3d13112a66312b7e1af609455ee0a807b4,0.081809432146294500000000000000
0x6fbcb50bcf01ea62a6d41f468d10dab834986bc8,0.081809432146294500000000000000
0x6fe03d777652d29169b6ce720f5d225f63b93802,0.081809432146294500000000000000
0x70380eee82168e5acfb4b0b9d13f1cd01543dea4,0.081809432146294500000000000000
0x70640bcdda09d1956706257f91e52642ecd6c9ea,0.081809432146294500000000000000
0x7075f3b9c1c9fb099d000ebb7676b1a972c2348e,0.081809432146294500000000000000
0x719fe63f6a84c79174043c8de67d6df0cad9fe70,0.409047160731473000000000000000
0x71a878f733d19b2c410672a69f3756f88f988bb1,0.081809432146294500000000000000
0x71c161a4e7868e6ff3faa0e05c86db0735d4ebcf,0.409047160731473000000000000000
0x7204da7b2fc2278e08702459d1d9aa56a2e9385e,0.409047160731473000000000000000
0x721fdd43bd765c6d645ce240d9a5035a148e4338,1.363490535771580000000000000000
0x7221a2819d3826cdb84da15f036381222e805e25,0.081809432146294500000000000000
0x7267c24cfb47c3d9aad1c275896ea58f9ba09709,0.081809432146294500000000000000
0x72c9ad8bb1bfcb630c6e660cd4fff5f73e8da7d7,0.081809432146294500000000000000
0x72d25afea4814b9f4aa46a7e3848854eccfff92d,0.081809432146294500000000000000
0x72de76467fe13d92c6efc9ae37864e27f8d142e5,0.409047160731473000000000000000
0x72fc4eb059a1d3ffa85fe897d9c4ce004a306c2a,0.081809432146294500000000000000
0x7328581644054052cfc3f455f8a336285b51860a,0.409047160731473000000000000000
0x732d040746388cb81d47028683b465f380682fef,0.409047160731473000000000000000
0x746b70df44f2bccaf7092d4989d3f18c774a222d,0.081809432146294500000000000000
0x7506fc41c0fb0e5d922865d614ff5c1d8c590d04,5.453962143086300000000000000000
0x751a94be378a9045876b38816d3bc5a9432143c8,0.081809432146294500000000000000
0x75404fe152420252909a66a2398e25e2f2c95f53,0.081809432146294500000000000000
0x7548e5cf2503c1be6883450f9d09785481dc9aa2,0.081809432146294500000000000000
0x75b54aba1834034d983043d79322273937b8db35,0.081809432146294500000000000000
0x762dafcb9668e6ac6145137817ba6a5703faa9f1,0.081809432146294500000000000000
0x76645916c760d710f3c447270dffe4873f88a583,0.081809432146294500000000000000
0x76e4f864bbeb60bee66ff5bbcd32decaf7fbde71,0.081809432146294500000000000000
0x778c65e3fe5e837ed708c1bfd8c60d23dcbfd49f,0.409047160731473000000000000000
0x77b0e94c5f8ee4a1df3b41b9a4c6c16ed1c966e3,0.081809432146294500000000000000
0x77f069ab95529f3aeee923de80754d9809f77fc2,0.081809432146294500000000000000
0x7868bfe3d4ff949e7fa8e2205758e060af90cb12,0.081809432146294500000000000000
0x78b3367b0f547cd16bac453f788956afce92447b,0.081809432146294500000000000000
0x78d87ef1b02f2217e8ba439262e59134d67b63ba,0.081809432146294500000000000000
0x78f20b474b31b93a6d569777e9451746dc2ae2a2,0.081809432146294500000000000000
0x79c078b7018f312d7ad50ed227a80a3f3a0c17a7,0.081809432146294500000000000000
0x7a0222dee3519854468f31154a4349c92814875f,0.409047160731473000000000000000
0x7a27a4d91231acb3282b410cc784517b417fa0da,0.081809432146294500000000000000
0x7a6a211fa88dce44284106282b1e0e16db75a559,0.081809432146294500000000000000
0x7a9b4cd46db67342a6ab7dbbb1189eb679a33865,0.081809432146294500000000000000
0x7aefa2759bd1b3a4b1a8d5132ce58990ee77824d,0.081809432146294500000000000000
0x7d38da6114611ba88329595a287e853c9517e902,0.081809432146294500000000000000
0x7d4f5301293fcac13f5cfd1bee7087a28a40650a,0.081809432146294500000000000000
0x7d4fea0d7afbf69ca4a64883ca0e2ad85cd737d1,0.081809432146294500000000000000
0x7d590ec7291c36f6f90fade94f2dce97730b7d83,0.409047160731473000000000000000
0x7dc6272db0523ce8d0270920e94f7c37d3bbea1b,5.453962143086300000000000000000
0x7e03b41a3bd79de20e2b38075af02f2dcf174754,0.409047160731473000000000000000
0x7e05389332c929778c8807ddb3b896190da36d7e,0.409047160731473000000000000000
0x7e2cdffbd341e2a69d5ac3a1d39273937275d5d2,0.081809432146294500000000000000
0x7efc917cd320f751399cab88fb212405230197c2,0.081809432146294500000000000000
0x7f78c188d73023faca481244b574c594c150682a,0.081809432146294500000000000000
0x7f8c1963ac6df962903beffb662a0040605536ac,0.081809432146294500000000000000
0x8039a9a134ada0639891d08b45fe3440c05dbf62,0.409047160731473000000000000000
0x80502fc24436dedda6dfe3bb6669751f5f059cc2,0.081809432146294500000000000000
0x8052959d4055c94a484b69979c95fa5ee114d2f7,0.081809432146294500000000000000
0x80a6c6848dff59dc333b2cb791b7856d303c0433,0.081809432146294500000000000000
0x80f664cd80b5e5177bb820020b8001f991052a90,0.409047160731473000000000000000
0x8104894575e5a003222d454e6db3bf9c5ea2752c,0.081809432146294500000000000000
0x8121ac42f24fe104b46fb4175ec0a75e60803c7f,0.409047160731473000000000000000
0x816978c6cc3eede8823aed2b1d2db904505bea4b,0.081809432146294500000000000000
0x8297527604078fcf093a5ba093d495620d7ff212,0.081809432146294500000000000000
0x82bee3fb25f2492ec5bc3ea216cb554b93a268b5,0.409047160731473000000000000000
0x82c621568c2c38da10819429c4617ca2f40892ca,0.081809432146294500000000000000
0x82da1287b3388cc1fa377ae55717e8a3573599f2,0.081809432146294500000000000000
0x83a7ba76d83bd9546187469a80ce6e92baa44460,0.081809432146294500000000000000
0x83cfde7a14fc0d8bbddfcaaf3993a90a35d1dbc8,0.081809432146294500000000000000
0x8439a3b6ed9cf3771ba4b91c2812316a209ec194,0.409047160731473000000000000000
0x846514fbac6d3b71cabebf19547886fae4b47bf3,0.081809432146294500000000000000
0x85a41f7dc877750a1d8475b3e3fc9e2cff429b29,0.081809432146294500000000000000
0x85bd6874ce656b3ab058df04d1b64f30b15d350d,0.081809432146294500000000000000
0x85fae604bbe3c5d5b441d39ae95e4708fab902f0,0.081809432146294500000000000000
0x865618e59b592d01e66895cebb55b1c60fcba352,0.081809432146294500000000000000
0x86d2d0e3596024c927b528c67d3cfa04bb4f7ee7,0.409047160731473000000000000000
0x87a9756d8eeb60e662b87da5b895762274395c73,0.081809432146294500000000000000
0x87df5f92ad16d90f1368f70caee4312574e8bb25,0.081809432146294500000000000000
0x88366efa29326b48c7f769adb206007889178438,0.081809432146294500000000000000
0x8959f4676f31b8972a2b2f20f321d93d00c36e44,0.081809432146294500000000000000
0x895e9a0fcc48db100e90bba81971df69d70e6d02,0.409047160731473000000000000000
0x896212da5d35dbf0e7c57a37133f0c97033f82b5,1.363490535771580000000000000000
0x89b9ef11349803ac740d59bbb0be6d25a54da057,0.081809432146294500000000000000
0x89f1ea8ede5ffc045f2c0caaa26a5e044f320b85,0.081809432146294500000000000000
0x8a4a50b13fd2cb36feb96c408cb98b4c9f2b8f25,0.081809432146294500000000000000
0x8a57aa4f55b6a4eabefb92f92c99d229e227d60b,0.081809432146294500000000000000
0x8ab913a71a9f181c4dfd051a52a9ec91dce41855,0.409047160731473000000000000000
0x8b1510d9aaf015f23acf13e328ffb5ab065c5bd9,0.081809432146294500000000000000
0x8b1c8fc76f6bd4f74204cbe6f0974303c8e3057b,0.081809432146294500000000000000
0x8b31c4cfef98b2b7099d0178bb256be15b7f9db8,0.081809432146294500000000000000
0x8b7b15c163314fe9a25dbff83ccd67dbb6f4fac2,0.081809432146294500000000000000
0x8bb647e93587b27422920166d08c640161b6684d,0.081809432146294500000000000000
0x8bdab88305784de6c51b36a3f350a25f1b7a153a,1.363490535771580000000000000000
0x8be668e3c1fa0340ea814bc4fe5ac11b232a78c7,0.081809432146294500000000000000
0x8cbc89890a1404a377958b92df1935cceb146e0b,0.081809432146294500000000000000
0x8cd847abc9f7013c5593ba669e0ae8e08c85f9c7,0.081809432146294500000000000000
0x8d442d8407314dca5e90e7da8f5b3583c70a1426,0.081809432146294500000000000000
0x8d8bea3962ee60b35c138e62e656126bab9c8128,0.081809432146294500000000000000
0x8da75715cdb7880e7b5257576436ee31123c6854,0.081809432146294500000000000000
0x8dafc11be620d183dff019bde98d8b96db395cf5,0.409047160731473000000000000000
0x8daff7be83f1066de2873449ada2b7a33e3f6a22,0.081809432146294500000000000000
0x8dc946e760fec7bb506c1930fe3aff670dc0ced5,0.409047160731473000000000000000
0x8e4fec38926d4c053feb98cce4560debd1d2b6da,0.081809432146294500000000000000
0x8ed66024718f57eeb8a37e44e2aae87ca2ebedc0,0.409047160731473000000000000000
0x8eddc30b12a5cc60d046fc1b1b887eb2c1353a87,0.081809432146294500000000000000
0x8eeea86d1fcbd6074f106ffeb1895b631a89cb5d,0.409047160731473000000000000000
0x8f123e882570baa36f9642b8bd4fcf4e5315a4d2,0.409047160731473000000000000000
0x8f1c6c1ad64d286da2f848df1426795a0d735d17,0.081809432146294500000000000000
0x8f61d48f89ed6c503b268390added09f5297a8d5,0.081809432146294500000000000000
0x8f8f2a4b65c2b3ffb0c53a2a474128e4909365b7,0.081809432146294500000000000000
0x8ffbe6d99402950b359d71f5f0a7ba949b0e8a5a,0.081809432146294500000000000000
0x9014c0aa041d637ed64d022bf237112a6b550532,0.409047160731473000000000000000
0x905bb417631d271b5b58c5c282ba9148cb106ac4,0.081809432146294500000000000000
0x91076c995e2ce15755b63fdbe86799277e4753d0,0.081809432146294500000000000000
0x91c497190b8577e7890ca0019a2ebe3ae4f246b4,0.409047160731473000000000000000
0x91ec9aed1705dd3185142c2d3c3e8ce450edb198,0.081809432146294500000000000000
0x9227dff3a69cac5bc42984256588c88d1581237b,0.409047160731473000000000000000
0x92cdba52de347d47d045518077f7a4d07be304b5,0.081809432146294500000000000000
0x933984a22f4eec43dda11b2a4c6ed9ac33166031,0.081809432146294500000000000000
0x93defc44631771e922a665788e6dd53c3bcaf6ff,0.409047160731473000000000000000
0x94856d3ade40d606c121e5c7ff3069ef6881e534,0.409047160731473000000000000000
0x957e4372dac9fb744b4e3832fde4057bb73d1d62,0.081809432146294500000000000000
0x95b04b76f9a907c70b88748b985b64f46b310961,0.409047160731473000000000000000
0x95f43144b6e161afab45adf7f15aabfac658bc7f,0.081809432146294500000000000000
0x96609bb5dc68909cbfca64d1d3e0dcea0a664938,0.081809432146294500000000000000
0x97062bb44e2810f7b181135aa0a3d6abae4bd94e,0.081809432146294500000000000000
0x97f2730db0468608e6a738000c2000f45a378058,0.081809432146294500000000000000
0x98f0c00f0ccd4a68e79585c1a34d8022909199ca,0.081809432146294500000000000000
0x996a140eab49f47fdb99d96556d554ec2fe8eb37,0.081809432146294500000000000000
0x99b94fde4bd76b8ec98a67c6e5e3ab2587032213,0.081809432146294500000000000000
0x9a10586aa206a401ba50a168a847686d1e500dc6,0.409047160731473000000000000000
0x9a10981af9aec64b1a4ae2f43d79b6359592bfd8,0.081809432146294500000000000000
0x9a16687dc2fdb302a43a59b1b5ca98d4c9a1b9ce,0.081809432146294500000000000000
0x9a28ef8c9f3984e817b9326a5a9657db8c8baf26,0.081809432146294500000000000000
0x9a6b24837910448e53f3013ce952d6a349771a30,0.409047160731473000000000000000
0x9aab913b963cffd0ad7a445abddbd4f41e88b81c,0.081809432146294500000000000000
0x9ab1433913c1014e2166b3c7f039d9528b1fc540,0.081809432146294500000000000000
0x9ac26236b40f8fbec59e50ddc58f6313a21ea0e7,0.081809432146294500000000000000
0x9acc9ebc12e38ecb6845565fa9f5bdc0df4e2385,0.081809432146294500000000000000
0x9ae4dd3ad8ed5ee4186e1413983ba4c3cdc24e59,0.081809432146294500000000000000
0x9b6b68094b3b28093cc306b2aef3917038789406,1.363490535771580000000000000000
0x9bf0651c9262fe3abe8bcf4a566ca2bc1e13d9df,0.081809432146294500000000000000
0x9c691b145d3eeda833c2a26ad4803689a0d756d3,0.081809432146294500000000000000
0x9c92c28fba92291750baf0cb5462ca672f011413,0.081809432146294500000000000000
0x9cc8493f835a3aad8346a8aa66f22d9457fd2ce9,0.081809432146294500000000000000
0x9dc1abb4bf67781a64b99e417a6ea27dfc96b92e,0.081809432146294500000000000000
0x9e702ade7d608b689af5b6c156621607ef11ee22,0.081809432146294500000000000000
0x9e8686d42b9ae95e14b99dd0468abe25cb5de1c8,0.081809432146294500000000000000
0x9e9c7e02d4240e85fe541b04a6caa80375fd2c7b,5.453962143086300000000000000000
0x9ec335ff2d0eae825b75da8363811a9c1fb550cd,0.081809432146294500000000000000
0x9f2f721367d4c8c1a04c54c0a67a0352bde259a0,0.081809432146294500000000000000
0x9f8bce2287a497ca9b9aadd17d02f66a5e520166,0.081809432146294500000000000000
0x9f97170f75732f1b9f9a5e4bc39d7ed71059a368,0.081809432146294500000000000000
0xa020f0a4f0fcc56889685bc11ecc400a92ac294e,0.409047160731473000000000000000
0xa045d1be41c7be669f3945b7e81e5d301681d1d9,0.409047160731473000000000000000
0xa164b048e903ec0c1324936e7e319747c45c3e53,0.081809432146294500000000000000
0xa1e335831d2075c4bccddad4a5b8a76261268f56,0.081809432146294500000000000000
0xa27f07f7d4280b7563929dc702a8d121de2f7813,0.081809432146294500000000000000
0xa2b4c41451943e4aa8d668eb4643e587ace61209,0.081809432146294500000000000000
0xa2f116468f8c60830a881a2f9f7669a0cd44a341,1.363490535771580000000000000000
0xa39166a41541a14c855c97977292e56017cd50ed,0.081809432146294500000000000000
0xa417100ddcd35787e6c0598e63db45ef5ecca567,0.081809432146294500000000000000
0xa41b73050c9caee703d55701dd3c637c54016943,0.081809432146294500000000000000
0xa47732c57370a707940f2ca943c690bd7308cef0,0.081809432146294500000000000000
0xa4c506ab90751492d8e8e954a90b5d6639b0521e,0.409047160731473000000000000000
0xa526d98626e428b02291a7bc0dbf8e3e73b28235,0.409047160731473000000000000000
0xa63b71bca164a1973ae96204fdec7fae506f0862,0.081809432146294500000000000000
0xa66bee99f7ee4631e0705912fad18d093f04870f,0.081809432146294500000000000000
0xa6c59fc831cc42285deab67f052eb8aef3fa307f,0.081809432146294500000000000000
0xa77342d5d11847d556cbcad6c632e1e41f0951cf,0.081809432146294500000000000000
0xa7eaa2ab104791c93ce365a228cd0ee4be3e96c7,0.081809432146294500000000000000
0xa83360de829b817d75db35308849bc919117d3e5,0.081809432146294500000000000000
0xa8648e02c074a9fea21e19fc5becde228ef4f91a,0.409047160731473000000000000000
0xa88a5db95e6468e093dd116e0991739066323031,0.081809432146294500000000000000
0xa8a4a0a74937c4b90f5bf59c9caab7bf9d7e1747,0.081809432146294500000000000000
0xa8d70d963cc2784aa405e288c4ca70d68c76397f,0.081809432146294500000000000000
0xa8e657f29d8ed53a9ef82b249bcc0aefdcdaff70,0.081809432146294500000000000000
0xa96437876586239f80f968dd3c23317205a9fca8,0.081809432146294500000000000000
0xa9ad422a357b1e602b09916372523b3029123d44,0.081809432146294500000000000000
0xa9c3ab0e77a12af7bb535bde2b6f4720cc334bd7,0.081809432146294500000000000000
0xaa065e46e620f5339d71ca1e261e289939353b42,0.409047160731473000000000000000
0xaa77fa29300466f47fa0b4e0cecb48fc284aa9cb,0.081809432146294500000000000000
0xaaf8116273e73cbddce24426a1d815c599c43e27,0.081809432146294500000000000000
0xab3b667e17c20f711a2e556f5b286db00db5bc9e,0.081809432146294500000000000000
0xab5c3e124557320cd0f51ff8a09da3d3b71f4ea7,0.409047160731473000000000000000
0xab999d04ce5d4e31950bac4feb2f85e82f5adeff,0.081809432146294500000000000000
0xabca0befec85f88690e48b74f4b8f6faeccd0faa,0.409047160731473000000000000000
0xabf7fffaf8420a015da8952106b13f9810160881,0.081809432146294500000000000000
0xac085753cb0fc660a03db19e65653df03dd8b052,0.081809432146294500000000000000
0xac0da3a79a854b99b08ba6fae140617901453ba8,0.081809432146294500000000000000
0xac13b2757cbb349618f4053a5372befb821bc4a2,0.409047160731473000000000000000
0xacb4b9e5a85d08dbf6138d3c3e87a6aec13d07c9,0.081809432146294500000000000000
0xacfd1592543e13ea4e2ae22e4bc57c2a246ea827,0.081809432146294500000000000000
0xad065ac1838c3e20f39f59eb27662200bd5f6068,0.081809432146294500000000000000
0xad4b6b04e67edb63f951103283dc2e5dddcb0046,0.081809432146294500000000000000
0xad7a1d3ff22f9bfe73d09cdaa3634853f4091978,0.081809432146294500000000000000
0xae5bf0a2688ec297edc1ac42629c06c4c1cf2bd5,0.081809432146294500000000000000
0xae7b43956a375d3989771852d3951142675584ea,0.081809432146294500000000000000
0xaf6d4f2f0f4d08b34182234d6c39865b56ab5b4c,0.081809432146294500000000000000
0xb00052bb9842507e64a6af1112f3aeaeeafff0c0,0.081809432146294500000000000000
0xb01c9b8724d8d38bfa667167cd27108a47a6cdb0,0.081809432146294500000000000000
0xb0adafb25c9474d492699d68dfb3bb0fb9473fbe,0.081809432146294500000000000000
0xb13abd787a9635e91f85a7a915a11b073fc00b05,0.081809432146294500000000000000
0xb170a41f2523220a12f84f17a54bd31953d98027,0.409047160731473000000000000000
0xb1e970fa76a0efd53ac21cdfcd096b895bc302f3,0.081809432146294500000000000000
0xb1eb72fc8e2c35b63d5c4ccc863f226701de6d48,0.409047160731473000000000000000
0xb2102ede73bc7d59d42d75e2c54878d934eb3540,0.409047160731473000000000000000
0xb3418bc275900395cd6f6e6f066e4bdfb7244293,0.081809432146294500000000000000
0xb351a0a1173d66966d72d65038ac9d34316a6415,0.081809432146294500000000000000
0xb353d1ef1668c77772ac26058d7f7ab58ddd39df,0.081809432146294500000000000000
0xb3623d62ff30fadb5b2e127c07cab0d1b0808276,0.409047160731473000000000000000
0xb3b1d52c2a7c9b0b0b3cdebeedc8830b1ba4cf62,0.081809432146294500000000000000
0xb3d100e607099c0e12fd081cb6298837182b52ef,0.081809432146294500000000000000
0xb423ad7da8389a108737cbe1f279956e0ed22074,0.081809432146294500000000000000
0xb46f9de5c6384b2463344648a320342b8f4a16b9,0.081809432146294500000000000000
0xb4cc2340761d5485397973ba07c51368be6adcc6,1.363490535771580000000000000000
0xb506c02f6b5b84e630e21b56347f2ec1a293b29f,0.081809432146294500000000000000
0xb545fe9af57838d787902519866369ccf1828b9e,0.081809432146294500000000000000
0xb56220268cc96c73b4aa1b56670075fde39eb996,0.081809432146294500000000000000
0xb57b0713b72cb43a089dce420db9aafaaa91be8d,0.081809432146294500000000000000
0xb5ff26c4bd5f91472b1b516538b6b7e4084e819d,0.081809432146294500000000000000
0xb68e09447b7d6ce3bb458eff585aa196a8154346,0.081809432146294500000000000000
0xb6d034fd4197fcce4bb8c81a99c88dd8d741795e,0.409047160731473000000000000000
0xb70b00cc8d5c1430f6c5123e73c7107f88635adb,0.409047160731473000000000000000
0xb754be27d4eab18dfdd4cfe42b538a80170721a7,0.081809432146294500000000000000
0xb7cd86fc8f770d21a90796b235664963886cb94b,0.081809432146294500000000000000
0xb7d23ad9f06c82a10fba874bcf3abc9da5aaea7f,0.409047160731473000000000000000
0xb8a7c13638705b0e80284af279ded7a99af807f4,0.081809432146294500000000000000
0xb8d6461bf01389cee5cc41bc837ac59fd2117d5a,0.081809432146294500000000000000
0xb92c55db9f5edd46423980fbe7fdb9948faf5b57,0.081809432146294500000000000000
0xb940e358cfa7937e59603fae279b7b6938665dcf,0.081809432146294500000000000000
0xb9641997d47809964f599a1871185cd292729596,0.409047160731473000000000000000
0xbaa538f297212664eeda6015495b63cfede05c67,0.409047160731473000000000000000
0xbae3bad311a211dbc19c14a5d2995a9a4741abc7,1.363490535771580000000000000000
0xbaf0ce711b3947eecbf19f556ff0c0400c03cebc,0.081809432146294500000000000000
0xbb5547f8b2cc4ff8d22fc5da655b97e8281abe8b,0.081809432146294500000000000000
0xbb5905325ea3ebd3f2ecfe12e84b1b74c1cdbb1a,0.081809432146294500000000000000
0xbbd029513e1c651892365bc1c375b0f4edff9864,0.409047160731473000000000000000
0xbc3d9d1ce9bdc0348df0f976b466cb731d194ee4,0.081809432146294500000000000000
0xbccd8ba7cfa381362fe5b9756483caca718417db,0.409047160731473000000000000000
0xbda710801342531adb023df62d6eccdcee893d5a,0.081809432146294500000000000000
0xbddef1237ddad1819671708a1e12fe0e4fdd4e1d,0.081809432146294500000000000000
0xbde0de93044309548b94ef4e1eb434ddb4ea6055,0.081809432146294500000000000000
0xbf3b2afcca202b0a8fe6e6a9d70e3934de8fa83b,0.081809432146294500000000000000
0xbf97c2f9f756ad8823d8000ea76e3096d2f9f8d9,1.363490535771580000000000000000
0xc0882631627786eea84a851f66cdd1c0a070ea28,0.081809432146294500000000000000
0xc0a61b303c08f020f5f0ff5edeac877bd6adcd6a,1.363490535771580000000000000000
0xc0fb55eb408a4e12773139ae152da413d288f3c2,0.081809432146294500000000000000
0xc1a90dd1fc4ffcd3018564423d0cb852c2991e7c,0.081809432146294500000000000000
0xc204c2567732c87035ccd27b1f673dc9fc41d5e7,0.081809432146294500000000000000
0xc212a0fb6b947d61d65d095dd216f4b418375e78,0.081809432146294500000000000000
0xc21ae2ad096a747b7ba9a60f02aab00fa60234ba,0.081809432146294500000000000000
0xc22b834b7d2d3ac2bbeb3e8639ca49ee25c25e25,0.081809432146294500000000000000
0xc26837e65ed61913c30c69b9934699059a3d4445,0.081809432146294500000000000000
0xc2af7eecd7af8768c132f8e3d1735dee6e1bd270,0.081809432146294500000000000000
0xc2ecbad563ed79af01b0fb8ff36e34543d134ee8,0.409047160731473000000000000000
0xc362756d13e9dcb2c59ddfc8dc260f100bceb9f4,1.363490535771580000000000000000
0xc3a6f32c13d1400ff5cdc5bffd07a29268b7ba3b,0.081809432146294500000000000000
0xc3c4ecb0845ec0393408dfadaddd6f8d4ac29e57,1.363490535771580000000000000000
0xc3d6e933b2ced203bb1ae344d009849c686161f5,0.081809432146294500000000000000
0xc4002486842c6d25b74fad83c9d84dd0a41d1c3c,0.081809432146294500000000000000
0xc40b4c08d763e8daf1090ee4fd0ce9f2db13b501,0.081809432146294500000000000000
0xc466fc172fbcc4826db7e2b58abd4683995bd164,0.081809432146294500000000000000
0xc4b72816db9913a69d5a0af41b477b51c8f598d3,0.081809432146294500000000000000
0xc4bf06c9063530024782d8425c66f4bd540fc655,0.409047160731473000000000000000
0xc51b53106f57937f53e01142bb429400b7bfe088,0.081809432146294500000000000000
0xc54b97800454ca7fc81a3716a7db6962a40f4aea,0.081809432146294500000000000000
0xc7beb0005fd78740c20c1da4bd5badb6d3887c58,0.081809432146294500000000000000
0xc88eb8c096d2a6bf50f6e738e992d31a27f56299,0.081809432146294500000000000000
0xc91fc7db1641521f94165fb7adff6562ab5e4fde,0.081809432146294500000000000000
0xc992ada77e5f26f362db9a4fe65a48cacc48f886,0.081809432146294500000000000000
0xc9b7411fd802bdfa055cfd469d1aecac2ac64394,0.081809432146294500000000000000
0xca02395cf290b49ec644f869886f3859fc28c0ca,0.081809432146294500000000000000
0xca04288f4fdf6b7a18fe7bd4e428c8a32ce62241,0.081809432146294500000000000000
0xca0ef6b752b3cc6c26694213a8f6386bb90a176c,0.081809432146294500000000000000
0xcaa470a5ab9394d82ca6ec4fc4688e8f8b6cc021,0.081809432146294500000000000000
0xcaae986539c8816a4d4b4cd444b7d36fefd242ea,0.081809432146294500000000000000
0xcaf73b4d1b11427b5dbd6c3de92ad772fff7773d,0.081809432146294500000000000000
0xcb286622d343c459770d2f3e4e21c63a73a69fc4,0.081809432146294500000000000000
0xcb33f2280fe56e6402999e508a7528779ca687b6,0.081809432146294500000000000000
0xcb3b366ced5ab2170d2ac72a5a97c4747e9186d8,0.081809432146294500000000000000
0xcb9e9293dcb10ac733fb7433809b5b191ec7066f,0.081809432146294500000000000000
0xcc25225e6f7fd24760b563f4cb8b2a4d5d76151c,0.081809432146294500000000000000
0xcc7a192fc6cc1615bbe8a2ee34387407f6aa2b25,0.409047160731473000000000000000
0xcc7ea55d7a08902147ecefe65cb6067a98779386,1.363490535771580000000000000000
0xcca154f2e58612fc163ec81f86633f7e1b58d7bb,1.363490535771580000000000000000
0xcdcb2bb177b8008cf88ffbc274b5326bcdec7769,0.081809432146294500000000000000
0xce4f846b0215ce95a1045c5c33a85349a4add4ef,0.081809432146294500000000000000
0xceb526eb94d70f893c1f9abecf74607275171e98,0.409047160731473000000000000000
0xceb8063a3c4514dad9c277a82b752373dc32db83,0.081809432146294500000000000000
0xcf2516d48d8ce580a4fd03db9eb173c667e202bd,0.081809432146294500000000000000
0xcf3c0700aa16a646c22bea21364fe3d98b9c9402,0.409047160731473000000000000000
0xcffda53f61e9e21de8407dd2ee61b81ca6ef8f8c,0.081809432146294500000000000000
0xd054602d90f07f5f9779bb3cf53e8f687164e0ef,0.081809432146294500000000000000
0xd091bbb78933376b1e6f3de810b4b0adf52caae0,0.409047160731473000000000000000
0xd0eb9ceaf3fd3b8b7260558614536a38893a4a92,0.409047160731473000000000000000
0xd2625ca08ecd15693584e8b7e3e54c3a5a761c1b,0.081809432146294500000000000000
0xd2b21d61b4944e4dbc8ae4fef20c91e40bb00e21,0.081809432146294500000000000000
0xd3b0bd1b1d169daeea4fe6eee1c3016c6ac4fbd7,0.081809432146294500000000000000
0xd3ef3cbb8442dee2c4fc331ee39a3dbdc371569b,0.081809432146294500000000000000
0xd44a56115363a5a401fe7ada71508719effbc5b8,0.409047160731473000000000000000
0xd47248d5cc7bd078d111b9bae350587621a5aab6,0.081809432146294500000000000000
0xd481f8dba3b7e64385fd2298aacf975ac3fa28a5,0.081809432146294500000000000000
0xd5ab7604fb2d0a7d7632fc673fc709c9d5a5b3b0,0.081809432146294500000000000000
0xd6013b0309a058adbd0a8c727fbaba79f60bc238,0.081809432146294500000000000000
0xd61a6fb2c107a02459f069a6701debb45ef21fd4,0.081809432146294500000000000000
0xd6a11a700a96bcc99cd0026562b11b03383043c0,0.409047160731473000000000000000
0xd73819cbc0a93c8ecf24872033513b4c806d9a14,0.081809432146294500000000000000
0xd7532c4954c9feede700de31d6b95e20d268ae87,0.081809432146294500000000000000
0xd7fdb2e90e30ce16458e956c1d1677a923fb460f,0.081809432146294500000000000000
0xd8623c5b259b0b15555002c6718e257c06685cd4,0.081809432146294500000000000000
0xd88fed07219ba97abaa81f6e08376f90a4b20223,0.081809432146294500000000000000
0xd8a0c61f382b059adfb4f61995682d5a83c533ab,0.081809432146294500000000000000
0xd8b31337e505760a8486a3bbceba291316a3cc92,0.081809432146294500000000000000
0xd924b6e0e6086b5f3acd2f0cb4124019a3663067,0.081809432146294500000000000000
0xd93cac570ebf525b4f1f725606dc8bc4d81aba63,1.363490535771580000000000000000
0xd9705461ba08b2c4dd409dd4a7aa73ce9ffae98a,0.081809432146294500000000000000
0xd9d860a621535087e5dc4db775ad723630c34c75,0.081809432146294500000000000000
0xda0d22ae02ec905f05f20f76bdb66d364ec02fb6,0.081809432146294500000000000000
0xda5ca56d71b7bc8d7fdc8af120f697d2d6b003b8,0.081809432146294500000000000000
0xda85bc2bac8e2a2e082febc72fd6c7bc8d0962cd,0.081809432146294500000000000000
0xdb17a63381e8ed354de426750adcc35b64f88729,0.409047160731473000000000000000
0xdb8a57f4111c55f0439ed8aa4817424de75a1f09,0.081809432146294500000000000000
0xdc39c7195f7ee172394650e1b7a3de73a4e7b8fb,0.081809432146294500000000000000
0xdcc9501bf95ac934bb94b4d799d3afc6d08b0ff1,0.081809432146294500000000000000
0xdceaa1acde6b06053fd60ed99d58ad1bf97d1ece,0.081809432146294500000000000000
0xdda7085e56977ac92e761ddbace71947b304c8a1,0.081809432146294500000000000000
0xddb0d05ea310939cce47975f47c247180eadcda8,0.081809432146294500000000000000
0xddb0fe958dc7f4bd9835a72940dbaac5511a004a,5.453962143086300000000000000000
0xde79fa44e6a37f437b2dc74e81e3958abe9f000f,0.081809432146294500000000000000
0xde9f3b10122ea03f46e4f3b2be5d2fa2021d9b88,0.081809432146294500000000000000
0xdeae942998ccc0cfd8b37d8fd31916d77160495a,0.081809432146294500000000000000
0xdeea2ba996141da0702366fdf81fcfd223664f3e,0.081809432146294500000000000000
0xdefab5e7e337711e1fa8d85ed043e2611c7d13d3,0.081809432146294500000000000000
0xdf0eb1e4480e9aa00f7c16994ecf0dedde17c024,0.081809432146294500000000000000
0xdf3e23824c6b35fc005db2951396669e48bee106,0.081809432146294500000000000000
0xe001cee903d807cd1190e902afcaad6fe41fdb19,0.081809432146294500000000000000
0xe05e6280e61f67d70afb2e3ed530aeeebe0e22fc,0.081809432146294500000000000000
0xe09348c518c51671a54fce1f16a1d55ede6c7c58,2.726981071543150000000000000000
0xe12f8e5309682cdea4a3f7160fbb25d0d111d9b7,1.363490535771580000000000000000
0xe146f5cabe52b923830b6384cb872ecff74586d1,0.081809432146294500000000000000
0xe1574454c47b4838bd1379a9c2926c0868129753,0.081809432146294500000000000000
0xe15ebb6573496fd6860f7194285375fb94c9a7c2,0.081809432146294500000000000000
0xe21d57a255e66e1912414be5378afdab3516d269,0.081809432146294500000000000000
0xe24c3ffee838daadd46d937f023f605500d3f81e,0.081809432146294500000000000000
0xe2709123173ac00f72dbba4e9acb6ed91db81513,0.081809432146294500000000000000
0xe2894fd6ca974d7d248010ac0fa98eaa27ed790a,0.081809432146294500000000000000
0xe2c7e9b313b6db30232fbd6748340e6b8235f785,0.081809432146294500000000000000
0xe2d8f09fbcf85c78feed0293e3db94396d693364,0.081809432146294500000000000000
0xe301afb521eceb1c23d2c284fed00e006269aabb,0.081809432146294500000000000000
0xe34bfa41fc7fa3e7509a14be78b8fd99e2a4140d,0.081809432146294500000000000000
0xe3e491f32916da530451455d078c7d0b1d0574a9,0.081809432146294500000000000000
0xe457669a1ba404ab6b553d620a6fcbe9edeee756,0.081809432146294500000000000000
0xe45ade2d0d59578716ffb28a6214a1349ad93e26,0.081809432146294500000000000000
0xe4bd962a37c272289f7e1bff9f4b387522a61b11,0.081809432146294500000000000000
0xe51075ea5e3dfd715a5147cf0709cdada547f322,0.081809432146294500000000000000
0xe5d81171d523cc6e68f5348710f3a62b2c6e795c,2.726981071543150000000000000000
0xe67eded8118c3e08e0d922c253e86cdc774f3931,0.081809432146294500000000000000
0xe78c74b9b1acaed335159b9826e8d567874113ba,0.081809432146294500000000000000
0xe7c9743f505db35ae5dd4892af64254ab9f2054c,0.081809432146294500000000000000
0xe890380af2b1fe0aab440e6ea07e9aad5048cf62,0.081809432146294500000000000000
0xe8bb136ca7d012c1222b5c7886471faa92fedcc3,0.081809432146294500000000000000
0xe8de221533f666778d6513a1da0c56e8ef89c72a,0.409047160731473000000000000000
0xe8f7a0c71fff0b5027e2431f1e2c4dda84ae8e5d,2.726981071543150000000000000000
0xe9f41a0090fcc7eaf626037003aad44b17098e7c,0.409047160731473000000000000000
0xea0929666a6521fa69607df3a862926e59b62718,0.081809432146294500000000000000
0xea2f79bce55908a11e0bf7dffb855c962041674f,0.081809432146294500000000000000
0xea8d02cab8104d38277dc723842d8cb24f4ae79d,0.409047160731473000000000000000
0xeb9d8758933a21a2b0adf1226f360631184fc898,0.081809432146294500000000000000
0xeba3b940e330505ebba7cacdb8d34bf57dacac25,0.081809432146294500000000000000
0xebedd45cde0908f79d089e374dd8ae59af06cc9a,0.081809432146294500000000000000
0xeca622a39c03ab4cb191bc09c9cc0dadb216eadd,0.081809432146294500000000000000
0xed5115d1c70ed9c1886f5411e6759f5ce2e791dd,0.081809432146294500000000000000
0xed7646046603f5f661d789964ea86233dce0e297,0.081809432146294500000000000000
0xedde1eba17729753aa99bb106f08e1228f4e79c0,0.081809432146294500000000000000
0xee5f71d69adabcd2fa1f3f908f34fe2f70ba6750,0.081809432146294500000000000000
0xeec41afad8c0ec1c9a143efc6d5f055f8b1d6271,0.081809432146294500000000000000
0xeecb6475f2f1030bd527eeb9e10fdb715887be0d,0.081809432146294500000000000000
0xeed518c9d0719f016bebcfb3e25c4c9acd00b6c2,0.081809432146294500000000000000
0xef91331058175a27cdf2cf298830c011abd6f4f0,0.081809432146294500000000000000
0xefb83ac62b23ccd7c53cfeb5333788ef9da52579,0.081809432146294500000000000000
0xefbc53e0afdc9f649bc1ab692461df57e70a560f,0.081809432146294500000000000000
0xf02e2554774aa16780a07dab3ef2d03967d7ae0f,0.081809432146294500000000000000
0xf04b802fe77107a55374e6dfe0ce717a41779c21,0.081809432146294500000000000000
0xf132ea4610d4f278d611e1a177aca5280f89fb99,0.081809432146294500000000000000
0xf259714bbd4eb021493340d42a2962e00bd083c7,0.081809432146294500000000000000
0xf26af4507570eca53f612d8639305ce3f66a2806,0.081809432146294500000000000000
0xf2dd6daaa91d0cc699067823597a53794eb88a86,0.081809432146294500000000000000
0xf3b059c887172f2cc52b5e77ee3b2c8b3a32e6ef,0.081809432146294500000000000000
0xf4094e50071be798b8e69ebb2e32b31e49842d14,0.409047160731473000000000000000
0xf489742ec9c0417eff91cb49b0faa883648b6753,0.081809432146294500000000000000
0xf4e8c39867aa925f14959b82eca9176e21a8e43c,0.081809432146294500000000000000
0xf55ed3d5517f03089a31395ee80bcc2996486e53,0.081809432146294500000000000000
0xf65163346bd3f977bec2efb8e25e62e90cee118d,0.409047160731473000000000000000
0xf67df6dfabbe9a7b76456a5073ed216450123150,0.081809432146294500000000000000
0xf69f29a2af99eb5bd178b77283b6e5df974fa557,0.081809432146294500000000000000
0xf6e47eb3fa5f0568f0417dd1ff236f1ba6b8dbd6,0.081809432146294500000000000000
0xf704adfc64a1dfc8dbc091deb4055f9242bb7577,0.081809432146294500000000000000
0xf7349272f7a7a9fae3d461144c952e4f6ecf43dd,0.081809432146294500000000000000
0xf7528f967bf9bac9bc64f8eafa04179f6e94ae60,0.081809432146294500000000000000
0xf7ab074252c903a92d3e6cc175301971cb1ffc5f,0.081809432146294500000000000000
0xf7d85e7088f4e29d51bdabab39bffc2f10d13860,0.409047160731473000000000000000
0xf7dd34739863dacf8c1814cac4026f6496473b5f,0.081809432146294500000000000000
0xf80ac6b6ee7abfd31085524e8d72e05d21553c2a,0.081809432146294500000000000000
0xf83c8f5afd3d55aa74cea7edd9fb43dc2e8d2efe,0.409047160731473000000000000000
0xf84d6db8ecf8e8df398c0e6d8789cdc36a1829ba,0.409047160731473000000000000000
0xf8eed92622f414cfa7bbb094aa4a5696e4c41399,0.081809432146294500000000000000
0xf9178e809cefaf2b219787336650a31552e52d5f,0.409047160731473000000000000000
0xf91a45eb364b53abea25488f5e1c03a60b495ac7,0.081809432146294500000000000000
0xf94548064b36fcf995213e25cf1b2c142f1bc378,0.409047160731473000000000000000
0xf94ba062308ea92f7ab3cf55c4b410339717c74d,0.081809432146294500000000000000
0xf998f1b91483e77cc31e68820f8c85f900e8677b,0.081809432146294500000000000000
0xfa2df969bfb2b9eeb06584f034c4214419f71ecf,0.081809432146294500000000000000
0xfb3fa9cf7c5a05fad7dfc2c54dabb1d086147d5b,0.409047160731473000000000000000
0xfbd0110b7f5f01d42c89bce9ab9b1918949587ea,0.081809432146294500000000000000
0xfd82a46fca2a39bb7ab817c4f155e9d5dc06f43b,0.081809432146294500000000000000
0xfe625e76e92665d6d9f96361041cc32d1f8807eb,0.081809432146294500000000000000
0xff1a131e45958296cfcd4ccd0cbda78e69040654,0.409047160731473000000000000000
0xb42225dc34b16ec6c5a583cb02cf3291716358d6,0.327237728585178000000000000000